,A,B,C,D
2012-01-01,0.9154898316044674,0.5076784391901136,-0.29919407536908305,0.08619054328030937
2012-01-02,2.8330019163442786,-0.9462568339837857,-0.24805365577138724,-1.8283424526163174
2012-01-03,4.114420245172711,-0.3984949497156054,0.6714885913714392,-2.986963705818786
2012-01-04,3.5939276565431837,1.6248808331983826,0.932167227955687,-3.1611576625599667
2012-01-05,5.218801208284356,1.201254103787995,-0.41372154985372056,-2.6933809851132655
2012-01-06,4.005624561946743,1.22094887665217,0.7883952849087197,-1.4979528167728764
2012-01-07,2.428637265973851,0.19724249029350904,1.7134519534336743,-1.9909580996216163
2012-01-08,0.9662329362651005,1.9303138837031835,0.9233055617852192,-0.8050848880024768
2012-01-09,0.283943422036698,1.5828891526504107,0.5421312770079909,1.1143706151077857
2012-01-10,0.7499241881780228,0.26441047300850595,1.3853929030753867,2.247534838038983
2012-01-11,1.325522226044094,0.12093182283808529,1.7831216786120898,3.1629721539372664
2012-01-12,1.4673610221794575,0.8935038318159318,0.9237557714573826,3.498590700980367
2012-01-13,-0.7889934579223146,0.25401245931033745,1.2609403974775037,2.5986181184771264
2012-01-14,-1.451177038306048,-1.505560016383091,0.5188042112865661,4.1423034599952455
2012-01-15,-1.0922710748167743,-1.728322543896632,1.491416636393716,3.987494164279605
2012-01-16,-0.4623157178759092,-2.159889605791227,0.15564280062717972,4.636355653178707
2012-01-17,-1.5828922547829132,-1.4562577505275716,-0.25846212695811305,4.125102623586073
2012-01-18,-1.3905277723125489,-3.63407051408236,1.667954435164674,6.048670524929177
2012-01-19,-1.5698412582706247,-3.1670305631296376,0.2990901434369577,5.896492019156942
2012-01-20,-2.5635374176596217,-2.5153045331977317,0.6706144075719956,6.230163512211037
2012-01-21,-3.842903243042775,-3.3446938543234555,-0.09377618061562265,6.495522472816879
2012-01-22,-4.550124276387165,-2.517499983120903,-0.7094857193584974,5.418948214145434
2012-01-23,-3.4010428591694737,-2.1333025982934495,-0.9498931129100473,4.418444003589198
2012-01-24,-2.2077863580045882,-3.006509694977954,-1.654630626353689,5.06746878654969
2012-01-25,-2.0845358189292584,-3.070559570562924,-2.1631075599047835,7.539537450517582
2012-01-26,-1.8220188587960915,-3.385835298693834,-2.5303385235235663,8.900988308943399
2012-01-27,-2.73121516649077,-2.0986464243271863,-2.6586957670385285,10.062121172726659
2012-01-28,-3.9340524516601363,-0.5703418832734777,-2.7648468952761935,11.630896297003309
2012-01-29,-3.3648201213109243,-0.4077001301636918,-2.736397602045702,11.41586388537822
2012-01-30,-2.9361463429085366,1.5442287008348086,-2.6831960274248092,12.317084507775922
2012-01-31,-4.988471332035846,0.7137015273262801,-2.158322402972506,12.262865091235414
2012-02-01,-2.901144333591994,0.6636073376371461,-0.8551222940796503,12.386303958612228
2012-02-02,-1.907479742866389,0.45898466071890354,0.3001452272729537,11.407780038300183
2012-02-03,-3.01015215950156,-0.014840224312407946,-0.15800087856082223,10.472901231168043
2012-02-04,-1.3286171351470644,-1.5795125283895297,0.015454631099800581,12.634342379958088
2012-02-05,-0.25393402729406644,-0.42328990966806135,0.050498077682531714,13.971999207835648
2012-02-06,-0.02551903551593865,-0.7525349697548624,0.7556542931586896,14.407218190157273
2012-02-07,-0.2879970770316218,-0.5952170678625999,0.10627081355332202,14.479650013809643
2012-02-08,-1.5996705500032868,-0.7487730235870349,-0.6381916550653872,15.59331551159585
2012-02-09,-1.057156093823047,-1.1085837121054665,-1.8880129782328574,14.602459682983245
2012-02-10,-0.17548398393444586,-0.8970244365810919,-3.0181025493080025,15.301004245753807
2012-02-11,0.37942222680385707,-2.976673230072892,-3.520968589408511,15.768857796378542
2012-02-12,0.7773476063747333,-2.7928016723444635,-5.592396574495037,15.097493693965296
2012-02-13,1.2384661162547936,-2.9469375885838707,-5.11173921346137,15.82013836110506
2012-02-14,0.7876420613970294,-2.755366130235007,-4.733428112688875,16.285113394960604
2012-02-15,0.18806455558567226,-1.8338819649225342,-7.205699371777704,16.721104944929177
2012-02-16,1.0189690027476068,-2.704240858523365,-8.535966824949691,15.69794034291375
2012-02-17,2.388623632730904,-3.08539488165752,-6.203123245031816,15.274742053610442
2012-02-18,2.1258769042982837,-3.0466110979364696,-6.31893408112624,15.37169805485259
2012-02-19,1.7019923067486762,-1.898886098922475,-6.0907805239123975,14.994104859872506
2012-02-20,1.1413626874362608,-2.7589341046725475,-6.383366008706898,16.200949405205535
2012-02-21,0.8244251892829445,-4.462164466999271,-7.722196464590411,15.84984977591247
2012-02-22,0.12256851091047327,-3.2629184882112297,-8.120352324044475,15.33676503346116
2012-02-23,-0.7011072983089923,-3.2660766445797087,-8.166642765423866,16.345745110822126
2012-02-24,-0.240006974656701,-3.378387224287897,-7.64504032868752,16.468120707577295
2012-02-25,-1.662493562641931,-3.6499393686903834,-8.372082932833116,16.81115622803701
2012-02-26,-1.1066121383947776,-3.2008548817246156,-8.74694176760325,16.40125143443665
2012-02-27,-4.189272075250697,-2.831682389604759,-7.720956198355548,16.43022116774229
2012-02-28,-4.107741374142513,-1.7503930140717658,-7.259876270993086,16.874201007670404
2012-02-29,-3.718797071711756,1.2742264584847334,-6.242680496453071,16.655211426426572
2012-03-01,-4.0116346843567285,2.478255052636976,-4.481011809723125,18.068550038488386
2012-03-02,-4.617545735030724,3.064712968163717,-5.089181116154099,18.03814364252504
2012-03-03,-3.915966208594364,3.6212476573344503,-4.596401982520213,19.13865373647082
2012-03-04,-5.506854226473626,0.7599584481965125,-3.480459298974824,19.364408549136254
2012-03-05,-3.9780668801086794,1.757038013719703,-5.342008529482424,18.316273395528956
2012-03-06,-4.319115309401554,1.6472879587688682,-6.321783813187998,18.648627850748625
2012-03-07,-4.468378282743317,1.5047956080710922,-6.47675855700522,17.361251815521754
2012-03-08,-3.2651877700077527,-0.49007894867130997,-6.231699573101855,16.59713549612661
2012-03-09,-0.8514614998336403,0.3110538655690316,-7.336742502337746,15.490966004195329
2012-03-10,-2.4375274734303525,-0.6070858416698384,-7.978629914427,16.86601818221202
2012-03-11,-1.9870218431545368,0.9288022386057513,-8.70608198686937,18.186890985650216
2012-03-12,-3.399083479080498,0.10349285314781675,-9.43738285933541,17.439524372729093
2012-03-13,-2.5151200225079866,1.1296491355190577,-9.069052960917452,18.267762236986467
2012-03-14,-3.9086348009385867,1.0078578820050041,-9.780293057960916,19.524140398087688
2012-03-15,-3.639569615365368,0.7507267447218071,-11.788113257147124,20.828545434953895
2012-03-16,-4.662205274314864,0.7089695100207128,-10.607546569305178,19.687572862128782
2012-03-17,-6.230612171472778,1.3172684229509377,-10.673375795244882,19.593466893597395
2012-03-18,-4.3096701449822685,1.3266541603210096,-11.436706625651954,18.595079814243423
2012-03-19,-4.29946198243142,1.8100810155144955,-12.437912198830416,18.946586693963443
2012-03-20,-3.2424257000428023,0.042875533919155995,-13.945114213804882,19.38271837690991
2012-03-21,-3.4090348363617147,-0.14562931389533987,-15.671757589050705,19.04963869818176
2012-03-22,-3.5099307695787507,-0.45636181906137163,-17.038648790710788,18.41426530815525
2012-03-23,-3.529014657858244,-0.20020496869199328,-17.372244448987175,18.823720084177708
2012-03-24,-2.9131179503661664,-0.2969245072821831,-20.802680975301463,19.80725028134833
2012-03-25,-3.4605279256501893,-0.9101195643852875,-22.48389977260568,19.263587996088617
2012-03-26,-1.8000675021634565,-1.035029327235722,-23.347418333124708,18.5940444981485
2012-03-27,-2.637175434203322,-0.12849177404798606,-23.821497885798355,17.959113506620778
2012-03-28,-2.246510194199468,-0.1332772582138693,-24.033801266073052,17.124293999212448
2012-03-29,-2.1137671180515447,-1.2647463517315785,-24.434236622181828,16.656205765552045
2012-03-30,-1.0058411511214904,-1.5360507337086104,-24.251700601877353,15.037608872505228
2012-03-31,-1.4072958239049242,-2.580982277802113,-25.822785068429766,16.105352118042518
2012-04-01,-1.227825966136651,-3.248797172680814,-26.289892755791456,14.649041838142532
2012-04-02,-0.680386704473089,-2.0977347769513406,-26.66037089080867,14.031259597503322
2012-04-03,-1.2219439365968334,-1.1058868749442663,-24.76015731181691,13.130770503524682
2012-04-04,-2.0623353746330717,-1.4854506870193651,-25.237783691149154,13.43390230546998
2012-04-05,-2.3854047873002893,-1.4162236727419848,-26.53973835743491,13.504654533548143
2012-04-06,-1.7728874928778375,-1.9072699928838905,-26.969069503398238,13.505013221951414
2012-04-07,-1.1854493709471345,-2.6815987347086576,-27.99885108682357,13.719786670888631
2012-04-08,-0.8180519138911326,-1.5874691531575715,-26.557672460321825,13.09252273140531
2012-04-09,0.5982241426851778,-1.4381686524532182,-27.073654452148308,10.749466703933987
2012-04-10,-1.0530382896316366,-0.7889818208124917,-25.946394350003,12.165765690087513
2012-04-11,-0.36524428842058554,1.3656599931064501,-26.67462446456688,14.785378691061522
2012-04-12,0.8077756988343299,-0.041835504929025547,-27.985116722483685,13.265429404849291
2012-04-13,0.6929416689928916,-1.6607391438617531,-28.14460448351989,14.100441526495876
2012-04-14,0.03310530148302382,-3.06711117887931,-29.5032298213876,15.142480468947708
2012-04-15,0.4342821700429525,-3.732959608403994,-28.728506898427476,17.121832386665865
2012-04-16,-0.30235700345080113,-3.0977050450409123,-30.522267485098933,18.046028874634995
2012-04-17,-0.5339838287988579,-3.8699880128937334,-31.849934909631013,19.28206770444307
2012-04-18,-0.3296377557195127,-4.1548686127057595,-31.094564180202386,18.74156707550009
2012-04-19,-0.5677018344907986,-4.837177579364293,-28.820031449787752,19.95644376744546
2012-04-20,0.8043539605830049,-4.864812569074937,-29.48073035864819,20.842958102013206
2012-04-21,1.832630642121607,-4.917634910467202,-29.218031720077462,20.073470649942617
2012-04-22,1.2532935187784853,-4.642518716915335,-29.692873206818135,20.05486877507569
2012-04-23,3.055918664507062,-3.7474861656404723,-28.93717201300042,21.08138284661752
2012-04-24,2.054377089626086,-5.977906917279666,-29.113007572414194,21.580997220224095
2012-04-25,3.6503469601660354,-7.11288132283584,-29.031019259065477,21.16965033559979
2012-04-26,4.234982626695431,-6.519609053634866,-28.939132305371736,21.683408626343432
2012-04-27,3.0572356194536745,-6.187046096705202,-27.03817636345048,21.688293460525195
2012-04-28,4.041685456791275,-4.871978124216112,-28.376864637614332,21.966921130978477
2012-04-29,4.335659572535806,-5.002025448598325,-29.446296251250182,20.52112667452232
2012-04-30,3.906484209358326,-4.029155781058326,-31.15230320018707,20.848125613879997
2012-05-01,5.195453222784729,-4.178198789178484,-29.54100962912498,19.816393093895478
2012-05-02,5.614259629634013,-4.278437192458702,-31.41643279749257,20.824338753290142
2012-05-03,4.11788484073545,-5.044566043451908,-32.32937759054596,19.11195246840799
2012-05-04,2.994445374976305,-3.7256212646164597,-34.18236095116632,18.47298310179192
2012-05-05,3.864507510420744,-2.5062206329586583,-34.887839277012354,18.537151176831696
2012-05-06,2.629781715428884,-0.3647481422665515,-34.91465018628254,17.70409905928042
2012-05-07,1.9123383622509478,-0.33890200046625246,-35.282548220535055,17.61803668284003
2012-05-08,1.740600898300908,-0.011002958370200377,-35.849030596704225,16.69012478702834
2012-05-09,0.6210067156982444,-0.851016244968159,-37.716457231038106,17.478663604087817
2012-05-10,0.7065462515066104,-1.2813608638035041,-38.2608507682911,17.848125657385367
2012-05-11,-0.3297884362488933,-2.593442389323264,-38.989122678799646,17.93667702819066
2012-05-12,-1.1013757621988334,-1.4700255502110855,-39.70543026702977,18.362850535895493
2012-05-13,-0.6064188504242123,-0.3038613344363239,-40.12300557177037,19.14767148849584
2012-05-14,0.6772187024183607,-1.0129411562596005,-38.28446738413768,18.747097772488846
2012-05-15,1.0468088017891626,-0.9940517972837508,-38.8019999651238,17.441495748072256
2012-05-16,0.9593875610271841,-1.0246653445494138,-38.45661357412503,17.42430178654425
2012-05-17,0.9501804665233423,-3.4062501013455213,-36.82044096399492,17.172010058720243
2012-05-18,0.744966606146403,-4.881862910959759,-39.203357745773076,18.189277194716404
2012-05-19,2.039879787067144,-6.4967611819965,-38.78950141393849,18.87493642200739
2012-05-20,2.5481852364957414,-8.680348488131687,-40.53777241952356,18.33290722373751
2012-05-21,2.5324089338758937,-9.572678274884462,-39.494079800300604,18.593812747928936
2012-05-22,0.7423388115019578,-9.036830031279832,-38.66545762028107,17.881517983040023
2012-05-23,0.48472587132502853,-8.516537844980494,-39.44788413988073,16.80338307523939
2012-05-24,2.3245213513256044,-9.314154285625358,-38.71190773154166,15.916739017641618
2012-05-25,2.0541550850495485,-9.824523987224625,-37.46158853902986,15.692179481361261
2012-05-26,1.886284179204067,-9.415147371138808,-36.89627884230504,13.867480877220965
2012-05-27,0.6680779194120494,-8.765272503342485,-37.47848272443317,12.879706464756557
2012-05-28,0.5676768031038465,-9.754115000364498,-37.969450365783395,13.994284908164946
2012-05-29,0.4536552529855894,-9.698918216107948,-36.96687634059554,14.76645124361411
2012-05-30,1.0803418433994258,-9.896244948972576,-37.28734350159563,13.411034212790534
2012-05-31,0.8211556790476471,-7.719205943824125,-37.73708843524278,11.827838492833065
2012-06-01,0.3060745431509011,-7.969215925751889,-37.395628976145446,11.662830198611703
2012-06-02,0.6619417626556707,-8.579003337957134,-35.83638806747606,12.292386091121244
2012-06-03,0.6579288421098344,-9.453596749790414,-35.62376778987557,11.350721011172153
2012-06-04,0.18400728107284298,-9.706014897653718,-35.30430773973941,11.593223375286913
2012-06-05,1.6781433873733869,-10.01810978994294,-36.204420265998664,9.512701410754227
2012-06-06,3.0699308870694786,-9.50392836674345,-35.51195890852393,10.596717725666798
2012-06-07,5.195486017158494,-10.346179943440402,-36.58078811288525,10.387586307551267
2012-06-08,4.019230811729505,-10.376521920491665,-36.974718700540805,10.852911208528846
2012-06-09,4.6826174712256075,-11.925218969457024,-38.10533053337989,11.25906784132569
2012-06-10,3.947059936328643,-12.131166072268131,-38.00485156680551,11.45433643713776
2012-06-11,4.021122971299305,-11.25423645141455,-36.327630957983025,12.472869461719853
2012-06-12,3.3089229380686573,-11.64701881387542,-37.346394877111614,11.858267229732721
2012-06-13,2.271169899077292,-11.051227585077083,-38.21248121571395,12.49241834604096
2012-06-14,1.753573273875885,-10.662983945131394,-39.43890516154302,12.751476866205891
2012-06-15,1.1451967524058906,-11.601181476883381,-37.48222178040108,13.27831987789724
2012-06-16,-0.7760029941791187,-13.239518715217878,-36.11646818619345,13.876489975274934
2012-06-17,-2.5486363820165,-13.952224164890987,-36.812823974170456,15.358938448109388
2012-06-18,-1.0934022050984564,-13.772349462266211,-38.35682819595813,15.834082224459971
2012-06-19,-0.6883939578477328,-13.439961529407467,-39.076360833194485,14.095435496956465
2012-06-20,-2.344631017897654,-14.373185082037303,-38.19129362039471,12.779359698446465
2012-06-21,-2.935170743172806,-14.924213183973075,-37.36708415850537,13.940614842126509
2012-06-22,-1.7874573032361654,-15.195936697288255,-38.10850387250511,13.33647193084977
2012-06-23,-1.1960899317743996,-16.038902309966133,-37.81469920486527,13.000299398304014
2012-06-24,-3.2459494869220933,-15.18805207370423,-36.48577332322382,12.332627603616904
2012-06-25,-3.497701615592738,-15.773096249861654,-35.89982742116592,12.081139308064614
2012-06-26,-1.401689917707425,-16.221980845437784,-34.814798677950115,12.980826473279832
2012-06-27,-0.2811060181303957,-15.804965699631328,-35.82137427220435,12.424390082059036
2012-06-28,0.3766996414487289,-16.898104519892705,-35.892290005030205,12.68480861429694
2012-06-29,-0.05884982942193895,-17.59375358004,-37.95824987140369,11.558692637342162
2012-06-30,0.6965438716340548,-17.36581290074594,-36.53424663416746,11.934535592431741
2012-07-01,2.7401028564778693,-17.803341328201217,-38.18233001368461,12.504638877756598
2012-07-02,1.5596278608839993,-18.38712033687462,-36.314628465389525,13.017095326617508
2012-07-03,1.9651037474434712,-16.416513877038096,-35.42030292075516,13.431847949880119
2012-07-04,2.77358088098119,-14.097141781381476,-34.298215333262924,14.20635384743556
2012-07-05,3.175451934843767,-12.978526903888824,-33.14878696038955,15.196038911981981
2012-07-06,2.8414132866203126,-15.177135204028293,-32.78214581250891,16.447469173160627
2012-07-07,1.0094095939123857,-14.788148276681936,-33.44495738297751,15.481169282292251
2012-07-08,1.4021629417969619,-14.78746389634743,-34.42591141071764,13.148477416182285
2012-07-09,1.59650465505976,-15.260899852056385,-35.3105781696245,13.262940482197079
2012-07-10,0.5675784542269655,-14.554214226613633,-36.21703766022265,12.275539803823673
2012-07-11,-0.025394023299467716,-14.805306554262678,-36.54237478238617,11.891200931432946
2012-07-12,2.064469519033361,-17.290236194397902,-35.547947233019514,12.805589779228926
2012-07-13,1.881814566115444,-16.995142254399997,-35.410980113571,12.420826120286929
2012-07-14,1.5598861259612624,-15.794453030942277,-36.13338338254404,13.194689864887142
2012-07-15,1.5050296841820727,-15.587686830342937,-37.372308056703844,12.742414191817566
2012-07-16,2.9880694972035036,-14.531266203081746,-36.21727186108815,14.109190015700834
2012-07-17,1.1477734009155778,-14.30470794172946,-34.583993876440374,14.504560111404718
2012-07-18,0.8635511204763657,-14.441206393597916,-36.161169429216045,11.711070752114118
2012-07-19,1.757786219790411,-14.529788715620183,-35.39109367023774,11.59653087836355
2012-07-20,1.3995930191331851,-14.255684414783868,-34.517436169767066,12.030703298234425
2012-07-21,2.294348260281311,-14.716207184306619,-33.948773107902426,11.350388665007582
2012-07-22,2.1379418556462655,-15.256433716962288,-32.41470781020206,10.821404612046432
2012-07-23,1.3310993035220529,-14.394678913601973,-32.365410108816334,10.40737777812065
2012-07-24,2.064739464957968,-15.08369905249518,-32.185760697508286,9.064148987802653
2012-07-25,1.7677277505635758,-15.08587788344082,-32.869697598396115,7.788655331985929
2012-07-26,1.4671314978555343,-15.157417154597136,-33.66105893678029,6.858986729379802
2012-07-27,1.7719855309064376,-14.35801996747042,-33.039350734421284,9.308952100390472
2012-07-28,1.8750974106461906,-13.23731106760154,-34.27959071382841,9.029315335045826
2012-07-29,1.697035940808745,-11.884212463948979,-35.82044593876949,8.214710859189712
2012-07-30,1.668380879333853,-12.869037273789644,-34.41980877062528,8.337589406583689
2012-07-31,1.2839050226837991,-13.261870468910896,-33.72207927876364,9.229761066183771
2012-08-01,1.5093396351132737,-13.606681451034286,-35.133200660468994,8.738026693734199
2012-08-02,2.404069740042159,-13.987439199775446,-34.52057426847157,8.34789061250057
2012-08-03,2.823080055299139,-13.476249365687854,-35.86023498371722,8.997029783302748
2012-08-04,4.2420845731375865,-13.344587420115449,-35.43109048524467,8.686064002531943
2012-08-05,4.471604700012783,-13.260833554964787,-34.73576729498262,8.540465513438182
2012-08-06,4.094607451692723,-11.743990316255905,-34.075952801891695,9.41630945641613
2012-08-07,4.616638122455152,-12.31852948425171,-33.78006634137613,9.54644589618898
2012-08-08,5.200414239666593,-11.769333586116998,-33.59094088335421,8.5800234429851
2012-08-09,5.185587290110717,-11.45894627620216,-32.498478604318784,7.264140174135489
2012-08-10,6.281428405098206,-11.7909616618355,-31.914419489388973,8.474167987600016
2012-08-11,6.309169420694429,-11.829926742780806,-32.638988117072046,9.112226962528696
2012-08-12,6.9501444181864525,-11.777796599527168,-32.19962109468921,8.661686395528378
2012-08-13,7.6554976790076585,-10.893777741595645,-32.478770735208016,5.1105206197338156
2012-08-14,8.418100773896514,-10.768017821869194,-31.702913819751636,3.0712102848389162
2012-08-15,9.634896490996994,-8.316413461145187,-31.576809808666052,2.6708865809329074
2012-08-16,10.898866517662896,-8.990225392952285,-31.26721401878318,4.445289448127105
2012-08-17,12.7467543997665,-7.462956008889756,-32.17883700051744,3.8034228367848715
2012-08-18,14.394910029500505,-6.273482943587882,-34.51957170947931,5.570255178352341
2012-08-19,15.439496099326613,-6.049160831978728,-32.65980043396364,6.799789493773519
2012-08-20,15.362420966107846,-4.492005865633082,-32.88523428769372,8.412956969471114
2012-08-21,14.077729458431293,-4.75920314186838,-31.737910462091225,8.635079438161489
2012-08-22,16.42713401256806,-4.769257306439656,-31.275814530603647,7.912571818893938
2012-08-23,16.183756360135458,-4.811927936475929,-32.74384672165195,8.293914969558632
2012-08-24,15.591320829888474,-4.67230224403468,-32.10654464550433,6.184441358669671
2012-08-25,15.448534652051059,-5.192369456417379,-32.45935060587532,5.140264695322406
2012-08-26,14.044956566858213,-8.035011071033711,-33.67481962102952,5.688736924217706
2012-08-27,13.00490641159331,-8.788589042130328,-33.08178036650076,6.477731022555866
2012-08-28,13.418557045924182,-8.373737624903217,-32.711882187231936,6.054042747928068
2012-08-29,13.563655739517703,-7.928244940022224,-32.8848246735815,5.498491624284744
2012-08-30,12.167495920887143,-7.435609429759494,-34.42067284015054,5.088344314365422
2012-08-31,12.227074567916059,-6.581587768630341,-33.96919022617932,4.309281055628783
2012-09-01,12.208224559597218,-7.762410909295658,-33.12821575782355,4.713368489353412
2012-09-02,11.86764933713417,-7.869981984536457,-33.70852133607209,3.8915100362054136
2012-09-03,13.254108435043145,-10.051716071028203,-33.88320847727371,4.23755879981948
2012-09-04,12.966740616535622,-9.289815897822251,-33.3104216857473,2.968283079591397
2012-09-05,12.446597160543229,-8.21184436398197,-32.59850207141236,3.4527505958888627
2012-09-06,13.563704711123325,-9.504758600222578,-32.600727053623444,3.8000955852184117
2012-09-07,12.783660899913428,-9.038458150176728,-31.268718635674112,2.677989927482377
2012-09-08,12.45988787879056,-7.6735378404501215,-32.62463683106003,3.5723186863372085
2012-09-09,12.381280054565194,-7.444618336494404,-32.574750242133376,3.5308003778282666
2012-09-10,12.132112060725804,-7.943387006358195,-31.56714009304213,3.6019288146065085
2012-09-11,10.19872759935816,-7.399901239457921,-31.21343867726316,2.5460680381656795
2012-09-12,10.901687297832932,-7.971869638197749,-32.44215154173998,2.177996073399754
2012-09-13,10.88916827814755,-6.88261987111512,-30.768600967854233,2.200968847333048
2012-09-14,11.824577560791338,-6.524533670951524,-30.004540191027353,2.7401550518557105
2012-09-15,12.363911110246315,-6.51041524803021,-30.566202850724853,4.019002244431172
2012-09-16,13.480091552831473,-7.343666661173838,-30.949927808123793,4.408875697911589
2012-09-17,14.166045660420709,-8.257042888963989,-31.320650532780764,3.9585183126097734
2012-09-18,13.182385635605632,-7.799003818172114,-32.61848458572919,3.7299500705333806
2012-09-19,12.865321666739423,-6.899582302126495,-33.194266774233164,2.8686645568672566
2012-09-20,12.379122650812059,-6.837353662120869,-31.773709209971347,2.6717833559434925
2012-09-21,12.9468880785018,-5.952454843432932,-32.13521064732832,2.955004986815237
2012-09-22,12.895344595408577,-6.128577539765277,-30.61082812664516,3.5999050339359924
2012-09-23,12.284338588883635,-5.240603272540009,-29.426497429355265,2.7752481661213695
2012-09-24,11.687084395799442,-4.699061774453549,-28.074988347751763,4.34059829210695
2012-09-25,12.272946270085997,-5.048133499450729,-27.56394912165782,3.6157775192706127
2012-09-26,11.161206554601907,-6.130447441108268,-27.567376650641403,5.953188822106285
2012-09-27,11.144955942412148,-6.686884349774484,-26.784373721430597,4.545617538130855
2012-09-28,9.418309408252501,-6.288470726715027,-26.562978571955615,5.57747936348445
2012-09-29,9.698600301866238,-5.097737167435858,-28.88352058900103,4.933030355597257
2012-09-30,9.44546615681042,-4.683985096953807,-28.71044230134986,5.707497952495446
2012-10-01,9.84540382838387,-4.118876382913301,-28.550781393500497,6.560615939019316
2012-10-02,11.591156852906403,-3.0564157533828746,-28.24156516065566,5.934441857316647
2012-10-03,11.116832732309058,-2.4809941239864055,-29.23138960404352,3.711557435066142
2012-10-04,11.881387821804088,-3.8542634509123324,-29.412263507103034,3.257340606451586
2012-10-05,11.6794985745877,-4.222420320767819,-27.608706613795956,2.418773231814374
2012-10-06,11.581852848316926,-4.459588867963923,-27.752352883783807,3.204731433105231
2012-10-07,11.31193461601854,-6.75936475502786,-28.014232434714977,2.0984968505483867
2012-10-08,10.934309458186611,-5.383521184993492,-27.56044596277554,3.4634242234669967
2012-10-09,10.551795183310956,-4.721526394065244,-27.095972448215655,3.4942177036171924
2012-10-10,9.141266798640288,-4.384921561641486,-28.920207496787672,4.810767462442902
2012-10-11,9.031236693867138,-5.5002052886296795,-29.8176191252742,6.413536177951057
2012-10-12,11.300054868916188,-5.1478641347600895,-28.97571792213971,6.331840306526449
2012-10-13,11.265240920878009,-4.153195639122366,-29.692852399922554,5.421542721918945
2012-10-14,12.45083311231773,-3.6508459178412807,-28.593048604376175,5.914170274298758
2012-10-15,12.794407155466484,-3.611725554317612,-28.146417808284998,5.708324912401876
2012-10-16,14.017024330133241,-2.6371387662226082,-28.806282230742532,4.762973143855218
2012-10-17,12.710686853418983,-1.908765982859019,-29.470338837697376,4.531128915393101
2012-10-18,12.256808913185996,-1.1136008253466052,-29.74322822308214,2.926711384343191
2012-10-19,11.260680362598116,-1.28875597327432,-29.882433468692643,2.1794074508051824
2012-10-20,10.190266443129826,-1.6921994179027637,-29.33158533443892,2.8672872186503553
2012-10-21,9.074193927497735,-1.7477951706397243,-29.271519430549045,1.4403957427828518
2012-10-22,8.83169128041682,-1.3893139172793632,-28.418631098381578,2.092277115700305
2012-10-23,8.839654026789583,-0.06646292395959441,-27.69421104526223,1.9311133246781529
2012-10-24,10.569650555243324,-0.7662722257355323,-25.6872549309408,2.311866219527341
2012-10-25,10.061588877173214,-1.7047476695852692,-24.4012638693627,1.865616531850768
2012-10-26,10.85830312240175,-1.6873964331326492,-24.673970698544302,0.9249469059753976
2012-10-27,8.406824390066339,-2.0748571462708285,-24.86133386365726,0.8958238710608695
2012-10-28,7.784520074423061,-2.1010825008270264,-23.41883343836625,-0.5259679755824425
2012-10-29,8.800461309021932,-2.020285104279158,-26.177761425806118,0.5553119552719354
2012-10-30,8.696764909060857,-2.584183469515718,-26.061820537582747,1.5021811424986713
2012-10-31,8.88249095084454,-2.1673663796016065,-25.753750915804005,0.8123149855894957
2012-11-01,10.860467845458878,-2.4574175613200127,-25.030603029171914,1.1973305865276895
2012-11-02,11.787956821364194,-2.982954192343014,-23.323894422700384,1.1662671494539383
2012-11-03,12.471527499391566,-2.92300492711727,-22.31958834539503,0.5047345475144449
2012-11-04,11.668224305106154,-3.1490085155978824,-23.551340403642833,-0.3640461540908678
2012-11-05,10.86506705635253,-3.9596824709275134,-22.784640413976806,0.01485793753741721
2012-11-06,9.643158573915823,-2.3294752157817356,-21.921736073634154,-0.356774068711563
2012-11-07,9.949517717200608,-3.396615618563363,-24.594830848012087,-1.4796581125199668
2012-11-08,7.502206856887195,-4.404535137048297,-23.52143458572344,-3.1783289780379356
2012-11-09,7.324625733790444,-3.1601735764661187,-22.74952398338114,-3.5453040036764305
2012-11-10,5.981280602964966,-1.867216820102238,-23.142896659856188,-2.7117752847719
2012-11-11,3.575362521699962,-2.7534718116445416,-24.2427994776031,-4.89254105124834
2012-11-12,3.055859151268389,-2.0731933266811895,-24.497825071834665,-3.8031876733094565
2012-11-13,2.1654626892866777,-4.102549130066388,-23.639702656253593,-3.176647687418531
2012-11-14,1.5680229484187462,-4.031085134633637,-21.943307224639767,-2.319211843649366
2012-11-15,1.7597241483489898,-5.503772585400927,-22.002001943301455,-1.9516208934090982
2012-11-16,1.1035365378719932,-5.665338322953194,-21.735086016528207,-1.8905614960753667
2012-11-17,1.1111231244934068,-4.660985855750704,-22.066371621898078,-2.325640951741743
2012-11-18,1.8947350267011434,-6.249980689747615,-22.49999236113551,-2.852467225935663
2012-11-19,2.341930847555339,-6.60637708969854,-22.804542096807552,-4.368329009023212
2012-11-20,1.1453301769722148,-5.9004791703361965,-23.87533048479785,-4.564390666969482
2012-11-21,0.6772703677565433,-6.287402779787552,-24.674023738895947,-5.188753217011736
2012-11-22,2.5617319499316054,-6.15429122039181,-22.4530906763473,-5.019129276136569
2012-11-23,1.938851546114071,-4.376625943444539,-21.874873133166833,-4.413419162039678
2012-11-24,1.709062876440644,-3.114673925293163,-22.045794689822582,-3.4534474864240554
2012-11-25,1.117519292677191,-3.227360282763148,-22.084914836964323,-2.1328789141568474
2012-11-26,1.22001456766853,-3.880160358400487,-21.74143617876958,-2.472266908020752
2012-11-27,0.30544291999960016,-4.962277917827132,-20.3667782497918,-2.248446962130935
2012-11-28,0.5538531984079436,-4.5035298644815835,-20.207855042231905,-1.6455210222379388
2012-11-29,1.8949078530499017,-4.7457130129681095,-20.757407072311864,-2.076302630553108
2012-11-30,2.359134359132073,-4.298006956230942,-21.524124251128367,-1.6779513324795263
2012-12-01,1.1850300368505324,-1.9579936653884675,-21.417463317519836,-0.4429286441384974
2012-12-02,3.5748016551822515,-1.804527910739331,-22.491808437871725,0.17641369324130662
2012-12-03,2.1363676947117254,-2.182339164404941,-22.215446367618885,1.2583288631717071
2012-12-04,2.5996448722665177,-2.4347773876670047,-21.15722657322209,1.477126231100596
2012-12-05,1.8895416121232116,-2.608220104424273,-20.963700786521724,1.5466403424304112
2012-12-06,1.4566440685883835,-3.352903276359748,-19.6049736673603,2.4030556975405974
2012-12-07,1.1969942389609045,-4.355552419062888,-19.14156266081834,3.1261996694470535
2012-12-08,0.0668181306252642,-4.535733142673171,-20.22582756625008,4.007779816941015
2012-12-09,1.446130806128062,-4.040358878676839,-20.72862673622174,4.870520235547857
2012-12-10,1.5036014901475736,-3.493951865075499,-21.78794910400784,4.6743929430327995
2012-12-11,0.5985268951331068,-2.2169821921233206,-23.27103450417764,5.0288425132493035
2012-12-12,0.577048570321087,-0.8288949914067358,-23.60065586379208,6.482885367497065
2012-12-13,0.33118622562975275,-0.15373886072780973,-25.465587819848544,6.966589347991226
2012-12-14,-1.108398683423213,0.03704235712010251,-25.849773921067687,7.865478488645195
2012-12-15,-2.3459748001237055,0.31859931693046717,-25.31693078770897,8.408196274988551
2012-12-16,-2.597890529328147,0.6614627144919961,-26.559296183951812,9.84480955343263
2012-12-17,-3.7478849344111724,1.5187265681133177,-26.24571929623618,10.735768215551522
2012-12-18,-1.8853510986399566,1.3929175384168877,-26.31694427816498,11.898807908807315
2012-12-19,-2.7826210641860225,0.8484937670306114,-22.107823560808768,11.259965958754064
2012-12-20,-2.6285181120441354,1.3979203972717271,-22.686377322638155,9.966640728394015
2012-12-21,-2.368306179013575,1.6983886938166077,-24.402922338429388,9.474491581948099
2012-12-22,-1.7019405518639614,1.4792194482316559,-25.04178482927658,10.789367919870202
2012-12-23,-2.5918002209771602,2.2795260048931154,-25.997606810934904,9.661656539659814
2012-12-24,-2.824944445071467,3.9981352470409814,-27.031048855559597,6.27664627088992
2012-12-25,-2.6999184542455454,5.485408469945558,-28.71073406410817,6.59414199303206
2012-12-26,-3.9323344651003165,5.558305466753349,-27.97555545501584,6.799995889403467
2012-12-27,-3.4805225376072837,4.980022138134003,-27.931703759160644,6.861519550631335
2012-12-28,-2.8306687048143147,4.211408714236748,-28.263575347568505,5.315171629508336
2012-12-29,-2.7767346641803203,3.7494254979679265,-27.55193351970884,5.901680109029165
2012-12-30,-2.1313496488240835,4.159576229158898,-29.51512661928038,6.960669305479455
2012-12-31,-2.1024825379178833,4.203347239503514,-30.247806613509464,5.988970132413317
2013-01-01,-2.0119558854706665,4.4691868748010375,-28.942879694172746,5.396847540517269
2013-01-02,-2.983080765747981,1.8023950080148143,-27.78581640531516,5.089271205879101
2013-01-03,-3.2385219096790068,1.636504303916578,-28.85466956389235,5.331697785625114
2013-01-04,-3.614533620721704,2.5205097574676483,-29.46348619517996,5.394566460092032
2013-01-05,-4.052066694352533,3.4289014502758186,-29.810572292712866,7.648540659312175
2013-01-06,-5.2847311522104246,2.4175008057099534,-30.33212357442465,7.302047286125302
2013-01-07,-5.749738704924566,1.6596695104771295,-32.02473483960405,5.826965281010445
2013-01-08,-4.212683681755158,2.5544854861818997,-31.182813865030514,6.9001578204725
2013-01-09,-4.792030236753938,4.040975387678997,-31.59905311529495,7.724897319937671
2013-01-10,-5.353604469084352,4.485665462331237,-32.32837343046543,8.204541267257728
2013-01-11,-5.169064751438729,4.74571455020349,-31.501910310534953,8.159404551309997
2013-01-12,-6.52562303604847,5.978407268549963,-33.706446307849006,6.934657996924237
2013-01-13,-6.151967486894051,5.626141530221933,-33.655834369391435,8.094614607035886
2013-01-14,-8.71865089812748,4.090861970556182,-34.12661103845466,7.493054561726815
2013-01-15,-7.3115619225865345,3.913681007954872,-33.10085323776919,6.1716367654641315
2013-01-16,-7.454771411415874,2.425878764337787,-32.75794185662604,6.590429363779
2013-01-17,-7.466903567877302,2.7096926666418906,-32.05654015021501,6.9685776146254375
2013-01-18,-6.582709331217122,3.188116711685536,-31.924520048180874,8.459035015291683
2013-01-19,-7.528377072662742,2.9492603398246366,-32.26360382457166,9.986344475003543
2013-01-20,-7.680050803579398,1.4035784765097008,-33.27592042239434,10.068670630517035
2013-01-21,-7.7493752135007306,1.67727736567564,-33.3839405256344,10.404791852536018
2013-01-22,-5.941681140100023,1.143146781862673,-34.19226933730112,9.778184506281908
2013-01-23,-4.220274563558991,2.0539163415271204,-32.19616991483821,10.193809796273783
2013-01-24,-5.493619384365912,2.854658814010682,-30.041748360906066,10.121986496492367
2013-01-25,-3.8566792505236203,2.874349008520461,-28.970047209739295,9.703916903115324
2013-01-26,-3.93096338876579,3.1707084314539093,-28.782134932046194,8.553305617123305
2013-01-27,-0.8679760140426356,1.7814137513925976,-29.761284494181798,8.54054771828181
2013-01-28,-0.8392560163356096,0.06098986948313345,-29.093104155502004,8.425146987158831
2013-01-29,-0.8630917934955051,1.0236427831556734,-29.678430547488606,8.618222417210108
2013-01-30,-1.6537786556692544,0.5759010056409741,-28.954874037240117,8.842476052563416
2013-01-31,-1.9173622826384,1.2528097587016471,-29.963239305653115,8.396228296020462
2013-02-01,-1.1848767284597805,2.0046671402824074,-29.083453908777933,8.42419142040039
2013-02-02,-0.6376786793682492,0.09183402699607424,-27.690258102216507,9.165997980964303
2013-02-03,-0.5482344207944481,0.6447223104866779,-28.96180683138379,10.867254858218033
2013-02-04,0.6311894593724945,1.6432043351478893,-30.259129821695215,10.54288249592018
2013-02-05,0.9298197709677016,1.5067521954183052,-32.124923178765386,9.584240722784386
2013-02-06,1.3816906452636748,4.013167411704249,-30.658968900135992,9.528959244266918
2013-02-07,0.8020466297515523,4.214634355828888,-30.29158495671945,12.186433764231106
2013-02-08,1.3097191732058924,4.323764269544955,-29.18305314267958,12.420491274684018
2013-02-09,3.26835328042172,4.1431248448889315,-29.232674164028325,11.907680800539058
2013-02-10,3.558880349109982,3.0007147217674133,-29.903830099575202,12.49396421735097
2013-02-11,3.8410869999075867,2.6686045360767854,-27.20459355831137,13.139425761499941
2013-02-12,3.785415548096135,3.274630202608581,-28.054179120628955,13.623392818776122
2013-02-13,3.7347326924029933,2.4282897407793156,-28.99580197837553,12.635781161475293
2013-02-14,4.113619555788677,1.8325189847020933,-28.02439101101997,11.4887859815707
2013-02-15,4.677685539569812,1.887067724491068,-28.739325180668477,12.887316498303196
2013-02-16,5.609314381145086,1.6261121467715562,-28.141892198858343,12.716883486258382
2013-02-17,4.886969318782437,2.1751038666925995,-27.533148273130934,12.081889247980019
2013-02-18,4.7648991277637505,1.9101212118979731,-27.992429066774463,12.7692192557454
2013-02-19,6.357485849478658,0.9474272505554435,-28.67694293750916,13.346525131976811
2013-02-20,7.115269065430383,2.2637131617075807,-29.34640977503908,15.35859914578994
2013-02-21,6.832179670192819,2.4195071997690083,-31.00645847401391,14.124822126829576
2013-02-22,6.144566511458057,2.5575507568495075,-30.583122720741482,14.782670316082173
2013-02-23,6.4588887225200535,1.9811927533103617,-29.441868752795614,14.218633984468877
2013-02-24,5.8502316020304255,0.9521704309394596,-29.121406763322813,14.51956158136394
2013-02-25,5.995383415436366,0.8448255782950359,-28.641337794779393,16.42310139718679
2013-02-26,6.438163886887564,1.605497534126972,-28.160317149521983,14.850505343960712
2013-02-27,6.431346913614529,0.3874973109485045,-28.369871418479985,15.000827084308744
2013-02-28,4.22815985663191,-0.6862361594646531,-28.07726114012921,14.764004541769575
2013-03-01,4.0094457400331125,-0.47588979961589295,-27.55996566417131,13.522897619192877
2013-03-02,4.521172816258664,0.35655526248462066,-26.19819232036877,13.120350545198752
2013-03-03,4.20702773155992,0.34948959233200505,-26.48810444549783,12.213516405389095
2013-03-04,4.426053200894679,0.6057503792734288,-26.79880225581749,13.245576330153316
2013-03-05,2.875879441621099,0.2332099562925159,-25.956087450062473,13.026153669216253
2013-03-06,2.5020804573778292,0.6636841640510599,-25.796594600935173,15.139397530387061
2013-03-07,4.680476217736436,0.37240227260056963,-24.75992101319266,16.41769146712125
2013-03-08,4.417396179586217,0.5869964472463859,-24.076616067677982,16.97700150236474
2013-03-09,3.5098438470416156,0.98257702245671,-24.06810489992081,15.969440192190017
2013-03-10,3.9178834631497472,1.1651001772236107,-24.333487502725927,17.843269564554568
2013-03-11,3.3046372465616574,2.774050848449007,-24.65094170564056,18.098259810709607
2013-03-12,2.970349126779497,2.749196526135515,-24.073679079128645,18.024399717790747
2013-03-13,2.8811263868732655,1.5042702198595193,-23.845848747385133,18.40600888919066
2013-03-14,2.5729759966155776,1.0151959104730799,-23.131983083390804,19.861090203535834
2013-03-15,2.7108365861579804,1.3020714598493535,-23.149272040429352,20.00092951348793
2013-03-16,2.574692199920822,0.9758327890502001,-23.01732447685186,18.96435598952263
2013-03-17,1.8096100106790713,2.3336555577883757,-22.960659431432532,21.73515573809891
2013-03-18,0.8164800468966739,3.076679820357306,-20.944598450814837,22.213915541569
2013-03-19,4.034449089719742,2.2819858565373585,-20.24850044914325,20.731514984392494
2013-03-20,5.763318779631011,1.8353841269321345,-19.772998496247506,20.474232387920313
2013-03-21,4.053363719028736,1.4910694015458545,-20.14313080398688,22.191191013260617
2013-03-22,3.6982180789407355,1.9536103018224917,-19.867505109668503,21.805439522401485
2013-03-23,2.9251367951896627,2.1171955295182348,-19.855968289197587,21.98639578800744
2013-03-24,3.4142965511625105,0.8841922780411442,-20.405080921777845,21.279558910470463
2013-03-25,3.3923391286440423,0.5941515315691628,-20.373604143386792,21.788959322991598
2013-03-26,4.125339768952774,0.9981070884004587,-18.832389224671328,23.10024560762599
2013-03-27,5.155740801458197,1.6271090621499475,-17.73533812115009,24.205903522955147
2013-03-28,5.994792872058952,1.26863063364419,-18.140431625577087,24.229782262110767
2013-03-29,7.44635731810329,1.4665610262877118,-18.45220908109262,22.038846517334303
2013-03-30,7.4020879997135784,0.7290412652016858,-17.123158700288705,23.250241650651198
2013-03-31,6.892186156031754,1.0406674089062447,-16.787076925145712,22.867966005642835
2013-04-01,4.159822035013107,0.19976745800620688,-16.914512567174874,22.25113483190873
2013-04-02,3.31170406844278,1.241569949054894,-17.164790638162167,21.13683675771918
2013-04-03,2.8648611877854124,1.2608621491497602,-15.81389367610483,21.43555092655064
2013-04-04,2.5784394073574495,-0.8044101392859331,-16.56348714614142,22.82492775744457
2013-04-05,3.811130232521362,-1.5787629103321539,-17.602434987204244,23.728468727707362
2013-04-06,4.136486674725994,-1.4576461376739371,-17.403076783745203,24.700028249197977
2013-04-07,4.2806648589693435,-1.8289652034892563,-15.37546128928054,24.014518455540045
2013-04-08,3.792989344755182,-1.0278154284818228,-14.532120393485343,25.20564502294386
2013-04-09,3.2027377812691946,-0.247322866005676,-15.964815298018982,24.85825718902662
2013-04-10,1.9887174086851027,-0.18247030112774143,-16.292551355226504,24.664466658207107
2013-04-11,1.92136841014569,-0.8397520460295878,-16.974703654032847,24.956487374499954
2013-04-12,0.6206080703868833,-0.21112295687402838,-17.071951623449788,24.646701264201756
2013-04-13,2.7255957515737608,-0.42203632812691994,-17.405003677141956,24.81097809954801
2013-04-14,1.6043928853261968,0.6795407182931914,-17.580039004647794,24.01459529000709
2013-04-15,1.7816000127515048,0.8116600296083953,-18.31784326265409,24.11763746513683
2013-04-16,1.448703473376085,1.9245110997396062,-20.959016487689283,24.143796268237697
2013-04-17,0.4382266774011543,1.4926683972302417,-20.396584886896783,23.50958776202614
2013-04-18,-0.01997673117512655,2.3096692794253633,-21.496968162266107,22.37380331162039
2013-04-19,0.9862523619069875,2.488853269818303,-23.11642273726753,22.082945696495678
2013-04-20,3.5732811563669853,0.7858628968112713,-23.15631732791121,21.14901184784325
2013-04-21,1.0419068201995896,0.5107164438058098,-24.43788854079314,21.347924804815552
2013-04-22,0.07307500167933467,0.9302683641195983,-23.654958319851247,21.048810895530515
2013-04-23,-0.29691987017951005,0.3340458570040663,-23.534575108405942,21.22937233499105
2013-04-24,0.8877789803039297,0.7080020653238916,-24.412266043706357,20.164765126568454
2013-04-25,-1.0831498783159699,0.2698030131332159,-25.219346900242915,20.05895945391451
2013-04-26,-0.9028183340009445,-1.4759500294091488,-24.215730920439817,19.702104954848902
2013-04-27,-1.0398730381188876,-3.139755790091934,-25.63440416820781,21.673614165352276
2013-04-28,-0.0383370976835844,-1.9783520609681458,-24.490104224350326,21.813532745289947
2013-04-29,1.7853275402600313,-3.105253589949883,-23.365163705171796,22.04529603580366
2013-04-30,0.44865515530779665,-4.465870308529618,-24.989916179352978,21.96127158412149
2013-05-01,1.3938019994770743,-3.3253528612016314,-25.81799938062163,22.688166736261923
2013-05-02,1.709825135710138,-1.8141269157078161,-26.633628652478453,24.44718036483057
2013-05-03,3.151688130449217,-0.1507176332650777,-26.769078196489687,26.44556852141694
2013-05-04,3.5013815246477047,2.0895917516042113,-28.170057933259095,26.0996155988114
2013-05-05,3.6442421363319824,2.1634252347088645,-28.14408553058651,25.244171731414543
2013-05-06,3.344440239466385,2.202146524858605,-28.379802660085225,23.670812260211402
2013-05-07,2.076331936209977,1.640279603590666,-27.699712940773505,23.220240272830466
2013-05-08,0.4751461941234878,1.3825485287789254,-28.187957279981976,24.15472249579476
2013-05-09,0.4749810602469618,0.39577934637329526,-26.322684385078556,26.357464187889395
2013-05-10,-0.35225229107645845,0.5262073912299381,-27.065141501062485,26.149566580525
2013-05-11,-1.4954313737426046,0.9672478692365734,-27.684228852609323,25.008293102010796
2013-05-12,-2.386131731528206,0.6984364735788414,-27.91055492892837,25.27532322624916
2013-05-13,-2.461050395824362,0.922441203491166,-29.062520307141874,24.95800443088469
2013-05-14,-0.9770791031769486,1.0599932272117916,-29.327780211471158,24.481508888302642
2013-05-15,-1.4689552327234823,-0.3316627133879835,-30.706641281606867,25.579492915242746
2013-05-16,-1.7863140896763245,0.7825883125365232,-31.18540761071616,27.12052315000745
2013-05-17,-1.1368584175293688,0.7658806699324843,-31.509010363174948,28.316820067005565
2013-05-18,-1.94180400183296,0.3648437621635952,-32.0760845937178,29.182085628897553
2013-05-19,-2.0214642263909854,-0.42678857122646047,-32.41997541498629,27.076414749005252
2013-05-20,-1.1091358982942667,-1.7351511346619508,-32.91184541499972,25.515363049280865
2013-05-21,-1.0233990207097,-1.4173883032662942,-31.899375031542863,26.25253291131725
2013-05-22,-0.6998741275260608,-1.7960881955913979,-34.241019754213234,26.01462825661523
2013-05-23,-0.3960774965249141,-1.4453108029982458,-33.93467565771404,26.38246272528661
2013-05-24,-0.9947031093795119,-2.149979199329761,-35.0292650471578,25.728642472337096
2013-05-25,-1.9022659361141554,-1.491790634815314,-35.686361516332745,25.916610929788494
2013-05-26,-0.33663865823795747,0.08904822962544001,-34.41920051711295,25.583812070191726
2013-05-27,0.1881958743625911,-0.7082903445600434,-34.02372713781822,26.735720486786064
2013-05-28,0.4938125605107501,-1.2770947999064473,-35.14832534068921,26.325191591352514
2013-05-29,0.30385816898181617,-0.5232588071173849,-34.09694308317455,27.844689284356008
2013-05-30,-0.6582557296327548,-1.3981848953333507,-34.303553922320994,28.42427413937479
2013-05-31,-0.014251148720267892,0.08607841384838011,-32.774917007785746,26.649409450040476
2013-06-01,0.690389027831113,-0.77769606990151,-33.941877907490365,26.58224541650265
2013-06-02,-0.030018126452942884,-2.5475247668420877,-33.1506675409222,27.661250178530192
2013-06-03,-0.24689455353772755,-2.797505307401669,-32.586018155725256,28.53150661638503
2013-06-04,-1.2766073436866419,-2.2361936244778984,-33.304447371545734,29.04616903238337
2013-06-05,-1.3348647592346532,-1.5681065908629637,-32.19541551724579,28.152152132814308
2013-06-06,-0.6954204688080847,-0.7368150533419682,-31.893562166270684,27.75547448585656
2013-06-07,0.11463435806227096,-1.026126519037832,-30.523007408159753,28.1421866464023
2013-06-08,0.02574133846009935,-1.0283900766440994,-30.77652172357318,30.01343070387597
2013-06-09,-0.7832113245559329,-1.831286648596015,-30.909127920344822,30.64101919693508
2013-06-10,-2.091832556804086,-1.934768646981175,-29.761867612234276,31.088029866462012
2013-06-11,-2.402934502341665,-1.1907374693728798,-31.280894575228043,31.167620364948267
2013-06-12,-3.278697591481985,-1.5365326483904163,-33.00704986790668,31.07246862337854
2013-06-13,-3.127902570142091,-1.3037715686271991,-34.02518944096522,30.73874148411473
2013-06-14,-2.7485719475665342,-1.9433713088186533,-33.05270310899136,30.903954768407175
2013-06-15,-1.5988416063763589,-2.0353284373221405,-33.2674372459189,31.110922552272886
2013-06-16,-2.386733735952971,-2.1697812865346027,-32.519557471110055,31.38882856137185
2013-06-17,-4.472250395518271,-2.1226878767585013,-33.234555170359144,33.072741930581444
2013-06-18,-3.782004149617944,-2.691841222359565,-32.770953621762175,31.986182383022772
2013-06-19,-3.627964655756408,-2.4283739589024678,-33.69094052790067,31.474716572596023
2013-06-20,-4.074329450157913,-2.0401389913872694,-33.877416311463094,30.091575126318542
2013-06-21,-4.891046563710468,-1.7100543315988235,-33.58860313120163,29.368308229146127
2013-06-22,-6.191106503767627,-1.7375366937718388,-33.96581826922892,30.717571922730492
2013-06-23,-6.9227646824477915,-1.6646068417732585,-33.53309489518158,32.17756548420597
2013-06-24,-6.111420685100128,-0.7059575484059887,-31.377198196445487,30.78622977770776
2013-06-25,-6.835155680035058,-1.7725451701340305,-31.717430534827592,30.69279826378095
2013-06-26,-7.090410266608817,-1.2845320294543294,-30.030123571481656,32.16595147497218
2013-06-27,-7.0904297706042385,-1.295579314474604,-30.02782796574762,32.52767830073179
2013-06-28,-8.639930140173435,-0.7891034215004805,-30.99035566626278,32.411055366820186
2013-06-29,-8.770831434647757,-1.8163483095423163,-30.67539362248037,30.387370117903863
2013-06-30,-8.319475541145257,-1.726733208593994,-32.38507158644364,31.69369459322754
2013-07-01,-9.07226084350612,-3.009020426714633,-32.28797913524503,31.829665227462872
2013-07-02,-8.570984276339871,-2.8516931280389772,-31.62011651721185,32.41989867330044
2013-07-03,-10.230764693260259,-2.874078012854703,-32.20816883514019,30.826307592066218
2013-07-04,-9.681009791533766,-3.1988345186060583,-30.430449875301505,31.262029995161953
2013-07-05,-10.657812458743154,-3.366370186175914,-28.686179024091487,28.89008685925826
2013-07-06,-10.640112785786613,-3.3625498330154757,-29.149641647140292,28.915023622209947
2013-07-07,-8.057097978595653,-4.263714095857742,-28.07701474629209,27.780483385972087
2013-07-08,-10.276577201665045,-3.4434397984546985,-27.868226274386586,26.72909253452587
2013-07-09,-12.307397108462098,-4.618713541462497,-26.818749854717847,26.96551779213461
2013-07-10,-11.881899382379109,-4.478527731623883,-26.613938031824006,27.669838465387038
2013-07-11,-12.294179217172454,-5.65022607860762,-27.002496194205406,26.345291903015852
2013-07-12,-12.572289023922465,-5.697232066692071,-27.908710716304764,24.688734335960532
2013-07-13,-11.135231182155458,-6.1295994565503475,-27.343899517852105,24.208221048606568
2013-07-14,-12.222958452985493,-6.552719498997855,-25.75509580968954,22.88292413741499
2013-07-15,-12.816393255257621,-4.595114828019611,-25.21090605611797,22.32459720966894
2013-07-16,-13.055588486406334,-5.1489412755862904,-24.69780963394167,22.886301044696733
2013-07-17,-13.418317640018698,-4.458447662703357,-27.17352732173981,22.433601490481525
2013-07-18,-12.525304806325888,-4.740093784328949,-26.822820687170537,20.951343552371082
2013-07-19,-13.915749020204778,-2.819266323732077,-27.218650961103172,19.78629623635402
2013-07-20,-15.728164141431133,-1.120717282411013,-27.365316619955337,19.07832681039257
2013-07-21,-14.344239495533985,-1.2716561411251885,-27.5872226138317,19.84511353296625
2013-07-22,-15.567749718120812,-1.3591914809134595,-25.981182479944202,22.589053376240543
2013-07-23,-15.595162763867627,-1.428921744877664,-24.14528576799938,22.7593961557036
2013-07-24,-14.367893398011528,-1.3682960618764617,-23.57078111311914,23.311784191866355
2013-07-25,-13.422276410551326,-1.290954190810047,-25.063889507304268,24.111242914074285
2013-07-26,-13.749630677144376,-0.44651832327921026,-23.382591159964004,23.09936414132683
2013-07-27,-12.890907233595174,-0.6462065162713511,-22.79775849611749,23.691436105514253
2013-07-28,-12.350137521801086,-0.7499592942496487,-23.459273802794716,24.091441539896458
2013-07-29,-13.735028164597693,-1.3049268059392634,-23.80346001880115,24.558010145431222
2013-07-30,-14.272188996039693,-0.5499136504657663,-24.706571653344295,24.4518448323151
2013-07-31,-14.17259771721713,-1.7395682322162855,-23.871924364633195,23.713425525298064
2013-08-01,-13.941945712057818,-1.6362170231477893,-23.83031115514743,24.44368605908917
2013-08-02,-14.618135950565879,-1.49133736444636,-23.81246381694938,24.391583120879975
2013-08-03,-14.103548838371294,-0.27603974290121247,-23.444377794855853,23.619446431724278
2013-08-04,-14.875268420238848,-1.660481809149004,-22.768031282148904,22.375568642135743
2013-08-05,-14.356721732409445,-2.115783622649829,-21.17827872609976,22.28916092722058
2013-08-06,-14.289395488244784,-2.1623006155460134,-20.16279065699474,24.789448623439878
2013-08-07,-14.36782515569686,-1.0045782592556984,-21.443501155168576,24.40515270861967
2013-08-08,-12.552971104489751,-2.3792649064328995,-22.61634879198354,22.89115390916729
2013-08-09,-11.192224047020108,-1.9971887341221484,-23.11098591798553,22.10264785984221
2013-08-10,-10.079338037508334,-1.5846462733622895,-21.853884089875155,21.96166527632013
2013-08-11,-10.076686395855477,-2.6147660264633865,-20.782361773003505,23.790195978348965
2013-08-12,-8.192061887459907,-4.627670180856848,-21.756443818476242,23.39840166855116
2013-08-13,-8.592502628039023,-4.458581497602074,-23.559170705580705,22.951653038088597
2013-08-14,-8.594735145895076,-4.987957570346076,-23.090574211669193,21.807929653762994
2013-08-15,-9.437164093893145,-4.242731473682528,-23.569519347109097,22.107357623352236
2013-08-16,-9.74637540672617,-4.95860478973015,-22.35153593625499,22.63183216117501
2013-08-17,-9.993666821627514,-5.659496053581348,-21.97913780265028,23.660626640243237
2013-08-18,-10.41255849899434,-5.152797208367098,-22.039716061525606,22.12929100124428
2013-08-19,-8.9832461664051,-5.65710361221241,-22.666478786476848,22.4263531650353
2013-08-20,-10.789253536324583,-7.501669107700555,-22.397104996895663,23.668928361835185
2013-08-21,-8.789163592679209,-8.556940543790304,-21.779768254990238,24.076156463818105
2013-08-22,-9.007019188363934,-9.581757060871382,-22.22888285964505,24.556514705086933
2013-08-23,-9.208490857446327,-9.596407904597577,-21.654633806160405,25.224309774850248
2013-08-24,-9.405379511963904,-9.688393217494653,-22.34195567619539,24.574912993744082
2013-08-25,-10.075405221381367,-10.512580309467067,-22.46842968618203,25.41135882460258
2013-08-26,-10.199931946339971,-10.994259044992221,-22.22230057982775,26.044104193577127
2013-08-27,-9.710203561806058,-11.164901051626057,-23.011569380830956,24.003336422799347
2013-08-28,-9.26844526432378,-12.627492589234784,-24.465662232093038,23.081868900376854
2013-08-29,-9.44066005916597,-12.219528324602082,-25.07995883919731,24.264877163220127
2013-08-30,-8.501760394657513,-11.652284026045487,-26.837119827325175,24.43339386396729
2013-08-31,-7.953953065296572,-11.269080049353635,-25.0376108062083,28.026357523175257
2013-09-01,-7.660167922945221,-11.927908081948196,-24.412457352192835,27.26018274259399
2013-09-02,-7.725508024017179,-11.812176629770322,-24.075098824155415,28.860012046033823
2013-09-03,-7.7816827006114115,-11.706594158264725,-23.868975103259046,28.730977678652817
2013-09-04,-6.878306377473007,-12.774089084818035,-24.820630710872514,27.611956658906905
2013-09-05,-6.713421114386209,-11.91316938384492,-25.05660834623875,30.412488874410442
2013-09-06,-6.749294866258964,-12.709284329937368,-25.01033803230549,32.03134112896763
2013-09-07,-5.555685632266409,-13.91629594382521,-25.193668909231537,30.777055957590562
2013-09-08,-5.195549606120238,-13.980657717246357,-25.430396899459645,29.72682716953113
2013-09-09,-6.2834257791372305,-14.161518762632522,-27.134206906543625,28.230595930155747
2013-09-10,-4.998140498237336,-13.884102843755514,-27.167430967702234,28.891539621663906
2013-09-11,-5.970756764404147,-14.961746328104677,-27.91135002670507,28.86524463022501
2013-09-12,-7.218177636101601,-14.45088946997705,-27.193277846455032,27.76119170454034
2013-09-13,-7.512027613732859,-14.723244411981712,-27.5755010368425,28.354921164521365
2013-09-14,-7.946138416255167,-13.278903204014854,-28.250204564880462,29.280635085294588
2013-09-15,-8.387107897836705,-14.04964768168125,-26.925300122118916,28.042076088705425
2013-09-16,-9.038138151928303,-13.747740804196173,-26.48468964856973,26.57097710679393
2013-09-17,-9.797465878515407,-13.921949557219735,-27.175097148614345,28.293600864167736
2013-09-18,-9.189174622686757,-13.54947130597121,-27.20439909014488,27.196995744104797
2013-09-19,-10.964831831066821,-14.597260572272347,-28.091894445634793,27.495351389737774
2013-09-20,-12.087727477907343,-13.221297835287096,-27.53779775422273,28.218623455070993
2013-09-21,-11.843129618596574,-12.988800066505725,-27.390397419728032,27.865056639199004
2013-09-22,-10.948690091870537,-12.178509950503464,-28.790928108495855,28.723019810974712
2013-09-23,-11.780563013270049,-10.92684238663857,-30.64116574009445,29.697952901284467
2013-09-24,-11.967390412511461,-12.199534326984615,-31.62115528415989,29.831189652027266
2013-09-25,-12.51766699828895,-11.688125890417279,-30.0323999327212,29.552188477221794
2013-09-26,-13.86604858240342,-13.047092607769558,-31.94513643659968,28.906664798566837
2013-09-27,-15.20792299915536,-12.609558222225056,-29.6235973877455,28.116475773992043
2013-09-28,-15.666246280351505,-12.746961419291356,-30.016493367405005,27.537198430063953
2013-09-29,-16.443126924295534,-12.661195907726881,-30.45719808803484,28.99776590292595
2013-09-30,-17.013225420302533,-12.596612060137854,-31.40236518298365,29.00884587982493
2013-10-01,-18.28307908466406,-12.523156505497642,-32.09237823579782,29.01574656105215
2013-10-02,-19.10237737668671,-14.422533605209598,-31.960542830922513,28.25949946387672
2013-10-03,-17.734646449438912,-15.04858478769046,-30.74753621452747,29.455943896148327
2013-10-04,-16.436610173428473,-15.215700102760106,-28.45779039695487,29.623081817914567
2013-10-05,-15.69777277772476,-17.16687711022831,-26.149328879927996,29.20199674577941
2013-10-06,-15.97135957513438,-17.430161236310962,-26.30172833065321,29.900774300285857
2013-10-07,-15.302097182542095,-18.20912200859244,-26.302691212689943,29.267354158750514
2013-10-08,-12.985698357098574,-16.37513918006531,-26.936406070363965,29.44784374204417
2013-10-09,-13.493767936881293,-14.882691190722689,-27.27918194010258,30.19931658320491
2013-10-10,-12.743891717310595,-16.956103530721577,-27.540155098323293,30.506154223347945
2013-10-11,-11.349240678055653,-17.03031127479008,-26.52669316366911,29.34829665651405
2013-10-12,-11.944385879120032,-17.58147133546047,-27.121156221975422,29.929091650189715
2013-10-13,-12.078376461968011,-16.921193048352567,-26.85142966404696,32.124994324828165
2013-10-14,-10.773131684545334,-17.988746170786925,-25.657179066699097,31.383170917615782
2013-10-15,-11.716559134421383,-18.31963454832485,-26.209996672576988,29.66759421248572
2013-10-16,-12.985811194269123,-17.540245815247708,-26.888130150574607,31.16848964987354
2013-10-17,-13.072129244746884,-17.605480776704294,-28.799905062310067,31.24767409303234
2013-10-18,-12.871623821906894,-17.916042426639653,-29.431262797579734,31.550965584080053
2013-10-19,-12.216362604149763,-17.768547112476842,-30.718389446764135,30.366803637862326
2013-10-20,-13.533253515187354,-17.0158526042559,-29.076432683858382,30.497925629466785
2013-10-21,-15.06981360163425,-16.502054996414365,-30.464505639361615,31.934817753928577
2013-10-22,-16.974941799301714,-16.50477760922784,-31.678039381540724,30.202501461900326
2013-10-23,-17.402346987653303,-16.86081772946145,-32.576408468139036,30.480995664629067
2013-10-24,-17.721008118587104,-17.336147986657366,-31.974870225722817,31.007232087687388
2013-10-25,-18.223191711753763,-15.993815916896796,-33.5090726524268,32.0975601339366
2013-10-26,-17.018070342152587,-16.44868866931175,-34.518639486239344,31.47793383501136
2013-10-27,-17.52796865462562,-15.953852411690386,-34.507919483003484,30.62104746596374
2013-10-28,-18.55691254240935,-15.74512080638982,-34.4544934983204,30.4345122445706
2013-10-29,-19.00432045506048,-16.51546641098235,-35.23458934175994,31.26595207228384
2013-10-30,-18.69683066492868,-15.512935661524647,-35.40040125141776,31.36297861499319
2013-10-31,-17.361342221929373,-14.811115757431354,-34.987933865940505,29.69256787117605
2013-11-01,-16.813369721149076,-14.148660070406782,-35.767777810831966,30.263496771573777
2013-11-02,-16.874769895367304,-12.76505064904193,-34.812037072573126,31.98438428346779
2013-11-03,-18.219760902723493,-13.413897808504275,-34.22248170054206,32.577377526728874
2013-11-04,-18.928693841894887,-13.633001348302614,-35.1040763636313,35.154134449363625
2013-11-05,-18.53808082051531,-13.516421556389302,-36.14889202586914,35.56137178103824
2013-11-06,-18.490818350678992,-13.752069217795732,-34.841036391398674,34.35571632789486
2013-11-07,-17.212669853093114,-14.775325267404918,-33.7044780571806,33.85318365059399
2013-11-08,-17.447639282218685,-13.222441177171218,-34.04416165172505,33.007639918936846
2013-11-09,-17.976107888413555,-13.757274049182445,-34.84162587667733,34.08851526014785
2013-11-10,-18.968998610253216,-13.972913932313512,-33.62412331999949,33.66816447778462
2013-11-11,-18.674836639762507,-13.269839784953868,-32.21120789019898,34.77533274475544
2013-11-12,-18.731547910251876,-14.05509754160179,-31.599803180650106,36.735428376423464
2013-11-13,-18.96379332397887,-13.868932221930296,-31.19583726464374,38.2289526894444
2013-11-14,-18.025721256487913,-13.889938719209876,-31.796640745921,37.978103538172434
2013-11-15,-17.84160496034602,-12.198238414607168,-33.46980591131623,37.84390780573543
2013-11-16,-17.679122952990078,-12.672853778452692,-32.76025007890431,38.25780487362539
2013-11-17,-17.99320407223069,-12.682221396909041,-32.26981230486425,38.40482547552515
2013-11-18,-20.6906339430833,-13.914343697083414,-34.15568205118877,38.87316260198227
2013-11-19,-20.826236143004817,-14.050007701476103,-33.52614144897234,38.41923859662955
2013-11-20,-22.08099384061215,-15.59639170940333,-34.6098104828814,39.32366562257561
2013-11-21,-21.73747148683288,-14.426315235679837,-32.438588865786805,40.79390037472158
2013-11-22,-21.0685690342341,-16.74993180555482,-29.763685194040736,40.979278728324715
2013-11-23,-20.18728137944712,-15.36391253831165,-31.985215466315374,39.84232310270775
2013-11-24,-19.784416335605375,-15.686197768731011,-32.550381301463254,39.50197729909258
2013-11-25,-20.210572640856267,-14.702562026577574,-33.183867726705785,38.67160653746243
2013-11-26,-18.595462409797154,-14.891866165979138,-31.090275408740528,40.570489603787124
2013-11-27,-18.965496159565884,-15.799867958905066,-31.1726060765277,40.70653438388385
2013-11-28,-19.11367781386133,-16.261033184759505,-29.78906624097653,39.8443081670344
2013-11-29,-19.766374090653503,-16.53240273257988,-29.10810545299774,40.378660722597004
2013-11-30,-18.2874504363329,-17.25494913007749,-28.733520028743968,39.817141464942836
2013-12-01,-17.567387835807768,-16.03063009099273,-28.504838577441433,38.31449560124513
2013-12-02,-17.7236589730461,-16.11769631956145,-27.168833581277276,39.81083847870237
2013-12-03,-16.286296924963995,-14.50030952773799,-26.588937672683613,41.56816256059769
2013-12-04,-14.640656403153491,-14.85696529449018,-27.13016739535476,42.12485963781414
2013-12-05,-15.143842133372335,-13.638951211384754,-25.99342596898401,43.05910277245938
2013-12-06,-13.832421805112244,-14.90192733437562,-27.339362915602557,43.418423962547024
2013-12-07,-13.414689524794113,-14.789259298713736,-28.5346665473572,42.44432801966867
2013-12-08,-13.268688083863866,-13.194708614386013,-28.11844601989828,41.113721939384746
2013-12-09,-13.372003895350367,-12.922663518254897,-27.081260150855137,40.562419516787685
2013-12-10,-14.084618309806883,-11.385701000711729,-26.53718558829155,40.57299259658804
2013-12-11,-13.741255937785823,-11.104455370166077,-26.52927885623643,41.07156366869353
2013-12-12,-15.896596736608675,-10.892789709228126,-27.102063121535558,42.01996277148733
2013-12-13,-15.194411359973214,-9.662667391571553,-27.577780910777808,42.01474149460338
2013-12-14,-14.413944576805685,-9.656977807944862,-27.995086573821887,41.64077847888515
2013-12-15,-12.59347773851349,-10.225278933044395,-29.498712833304534,40.576944921308105
2013-12-16,-13.555207223224128,-10.109368789423087,-29.03459718839116,40.914272564560896
2013-12-17,-13.75229602421424,-10.702371535000253,-29.416779089921025,39.27357372661901
2013-12-18,-11.979087981128854,-12.499084220868593,-29.440410691625956,39.900195885395526
2013-12-19,-12.090514356488576,-11.873427105189359,-30.55808640439863,40.003651207051114
2013-12-20,-12.849957935286671,-12.891636560840139,-30.632965914591352,39.33689838633419
2013-12-21,-11.358270061822974,-14.693114848376318,-30.129832501811254,37.584307746177444
2013-12-22,-10.995326612935473,-12.951407774786562,-32.1160726473046,39.121535327139675
2013-12-23,-9.547369798893094,-13.684263769475317,-31.295929365421564,38.493592259580105
2013-12-24,-8.58657378772759,-14.897863147546207,-31.08213601666946,39.21076300564975
2013-12-25,-7.197676795479038,-15.332895895667594,-31.148003407573185,39.736405727876615
2013-12-26,-5.689018481525304,-15.464826467739982,-32.6999405522027,39.79298865636783
2013-12-27,-5.747521879579949,-14.796751827254571,-32.6891498564504,40.22318045263044
2013-12-28,-3.3042613421280858,-14.848229887015185,-34.10757692337386,39.2898743047866
2013-12-29,-3.233879495164774,-15.776185699872125,-34.20622639333049,38.48319781293518
2013-12-30,-2.533844430660235,-14.514983565423513,-34.92101711575113,39.53265161183607
2013-12-31,-2.7031006999240406,-12.577180638393092,-35.20222046987138,40.036347647748975
2014-01-01,-3.3199178064129162,-12.937847598948402,-35.66189399892481,41.42163873099184
2014-01-02,-3.065771852332405,-13.163821855149424,-36.19141923270889,42.1451763795622
2014-01-03,-3.459023203324731,-15.35255787089184,-35.38646935704783,43.34640450725298
2014-01-04,-3.2831476326980087,-15.927261810152952,-36.70609981826852,43.26829936947071
2014-01-05,-3.674251100031648,-16.10617672166065,-38.916311184223474,41.44094058569108
2014-01-06,-3.7645569409641544,-16.586468323340597,-38.67995456582326,39.41079938664203
2014-01-07,-3.7544755547724225,-17.471188401703696,-37.478349765714945,40.34322597051599
2014-01-08,-3.7064709603730557,-16.47743495437664,-39.36657775150154,41.55382786278439
2014-01-09,-4.361676648969204,-15.35523573354071,-37.23679837019164,42.49480173760817
2014-01-10,-4.814950781350986,-15.280323591238538,-38.66896352916867,43.153124565763314
2014-01-11,-6.058581141500769,-14.883304011464027,-37.15940027403173,43.75003374907964
2014-01-12,-7.449354400932144,-13.668812546933879,-37.4768129052373,43.48607392700435
2014-01-13,-6.4663488399250575,-13.593541775324336,-38.0521999413861,42.819258967647905
2014-01-14,-7.105995634197674,-13.758138573585182,-37.57846616457387,41.37120181338874
2014-01-15,-6.182278735313119,-13.09687992615535,-38.91668392435639,42.25281431786585
2014-01-16,-6.121474474975093,-13.63081799433639,-39.56064827717919,42.93216389290699
2014-01-17,-6.1145338857686955,-14.443913178474004,-37.82676796962673,43.17341949869351
2014-01-18,-6.395682799890411,-15.203700266754002,-39.05842433449083,43.48551888109809
2014-01-19,-6.253103349695092,-14.797898107716426,-37.7407549454143,42.4447781486338
2014-01-20,-7.979023713872271,-12.784495803682098,-38.90429351392498,42.770733486701545
2014-01-21,-8.352893112161771,-13.174846571400238,-38.792351954542255,42.61143958202469
2014-01-22,-8.23838820422101,-13.601189237806214,-39.025541533349546,43.465947339741085
2014-01-23,-9.137444154179668,-14.275766472648035,-39.7566924027901,45.32883128213986
2014-01-24,-9.640856250844664,-14.581987982574928,-38.444503397307656,46.48789649990503
2014-01-25,-8.762572355101433,-14.702546266765587,-39.61653387025172,46.395804429826875
2014-01-26,-8.745525954930837,-15.151229078909497,-39.654503833020634,47.53519196688652
2014-01-27,-9.336952208501797,-14.449058085264252,-39.83740466351927,47.341283467185576
2014-01-28,-8.719005028973097,-14.292247617888147,-39.65024241354348,47.55344334952102
2014-01-29,-10.070149762503462,-12.960158027553526,-41.547552517203094,47.21500283011726
2014-01-30,-10.909982627770077,-12.582981951189545,-40.645111443338074,47.66742342097482
2014-01-31,-10.806682557866061,-11.168479382548306,-39.51714504626439,46.02498360704913
2014-02-01,-10.798760854311338,-10.526109489768658,-39.09077654099773,47.30536655287903
2014-02-02,-8.706126814092704,-11.889071618387497,-39.83685774357223,46.12095899712639
2014-02-03,-8.50600979357451,-10.931917174562615,-40.0336089257475,45.077859677782975
2014-02-04,-8.145674144089407,-10.770389112452603,-39.251966178060876,45.21019472962777
2014-02-05,-8.456432787222282,-9.902897080471336,-39.77877727829059,48.48757119363095
2014-02-06,-8.617427356939265,-9.618608265686849,-40.09148225256952,49.67129735259451
2014-02-07,-9.211907085200325,-10.90717630125382,-38.294634553835444,49.855581578280685
2014-02-08,-9.60431643860327,-11.031519902797493,-39.582909417594735,49.81055094243309
2014-02-09,-8.748819966911952,-11.427207962855373,-39.9566620662457,50.3435139373774
2014-02-10,-9.700194635515786,-11.287126263236814,-40.57966915297502,50.76463066201853
2014-02-11,-9.880578922359376,-11.50597497654618,-39.770085008834876,50.82488513632339
2014-02-12,-9.695338879000552,-10.205690634034998,-38.62065747041401,51.95678291861209
2014-02-13,-8.851966080674273,-11.683159801851764,-40.0474121066547,50.13086307514178
2014-02-14,-11.629351542574902,-11.700106617291551,-39.7004765173121,49.72006302976891
2014-02-15,-11.294889300701204,-10.890447385550107,-40.37801092079606,50.099123397668954
2014-02-16,-12.253664683963482,-9.227474979971056,-41.27523568038341,50.926123959731875
2014-02-17,-12.788950296021191,-9.476912105405999,-40.81113029358841,50.374571493633205
2014-02-18,-11.06883238627594,-10.987183912653663,-41.284272428313194,49.88424003138062
2014-02-19,-11.92956911809278,-8.984538256039926,-41.80560758644116,50.14258797912758
2014-02-20,-12.741442469536711,-7.837406601762374,-42.52374961727597,51.2023095475412
2014-02-21,-11.12049625723843,-7.543785169922784,-42.35670900092865,51.956936991914176
2014-02-22,-10.709687277691042,-7.974000691947803,-41.129892948456224,53.05462368157236
2014-02-23,-10.02451802416226,-7.547291350677615,-40.496054272862764,54.23984017240915
2014-02-24,-10.07759644900719,-5.935926578812452,-41.43065359777059,52.812728262725685
2014-02-25,-11.693154926388285,-5.693362170625319,-41.2932283219097,52.1419425133105
2014-02-26,-11.889117741588148,-2.9867286298799685,-41.3795304664786,52.13537113561572
2014-02-27,-12.293601413051217,-2.376256038140923,-41.76677407940102,52.51046992895978
2014-02-28,-12.65949279067658,-1.621598240003371,-42.310185403411644,53.62046860092276
2014-03-01,-12.426305500371267,-2.567379142585794,-41.52831887209289,53.50981734647539
2014-03-02,-12.96753317811704,-2.9609454642547384,-41.011878509249506,54.107975834766776
2014-03-03,-11.43540894016895,-2.236437521688296,-40.319721130582806,54.2451702430469
2014-03-04,-11.69349617044806,-1.3430642808515185,-41.46542723772467,55.52824228854738
2014-03-05,-12.666754199666837,-0.5601820185980839,-40.67689614716663,55.23865048106356
2014-03-06,-14.381785806965713,-0.9686592361612711,-41.78243097696388,54.25615616596212
2014-03-07,-11.484988837590405,0.43632003557027055,-41.60083702832491,53.68224209118462
2014-03-08,-12.181379154661736,-0.8116309433207805,-41.19295254935069,53.50487311112747
2014-03-09,-12.987986344763856,0.8137487576511728,-41.47795706657037,54.93809222523414
2014-03-10,-12.29551644479287,-0.532733460830159,-41.679167970805906,54.54871945718738
2014-03-11,-10.69679922087397,-0.013893597711961303,-40.47194667810825,54.47408081994202
2014-03-12,-12.313815287419626,-2.3081131948438243,-39.38805428380555,55.504927972171124
2014-03-13,-12.57519071246513,-2.039900839613687,-41.651914285446644,55.482172321393094
2014-03-14,-11.443161062217884,-3.3179916788218176,-41.72547811878201,54.83708229965021
2014-03-15,-12.619889473813059,-1.8733095384496872,-41.92068470248723,55.41223904459981
2014-03-16,-12.850263240191678,-1.8171247598049407,-41.976984392903844,54.894903209581244
2014-03-17,-12.140300119639033,-0.3689899248100814,-42.56914569203104,58.4060474664827
2014-03-18,-11.802826702901216,-0.15779994416014187,-41.581980491408615,57.24481159851542
2014-03-19,-12.385828405942176,1.2763673514608296,-42.82125492966558,56.67747501215547
2014-03-20,-13.53130690552537,-0.07289280312561996,-43.24401293807361,56.02279058064413
2014-03-21,-12.105998629394172,0.030288964617396677,-42.275044750203385,54.79037483634387
2014-03-22,-13.240076751108752,-0.10083030547410123,-43.414291509291694,54.44374253517874
2014-03-23,-13.548917674965912,0.8126271846930219,-42.43972655710529,54.54470880959691
2014-03-24,-12.514973640614414,0.10953960548193953,-43.28487405031564,53.213076968314994
2014-03-25,-14.394603185729567,-0.5227426714089981,-44.36527525046812,53.361489347519395
2014-03-26,-13.83494166621411,-1.655000033214896,-43.53218426587992,53.45916705910255
2014-03-27,-12.805109468593553,-2.172787609370361,-46.12396466407514,53.843217194309936
2014-03-28,-11.580890602156853,-2.336306462172591,-45.871477950111014,54.86347109342189
2014-03-29,-11.603215085127683,-2.3829883241098386,-45.94988814670615,54.564318150744185
2014-03-30,-12.157619661229011,-1.6914920730370864,-45.85470532187945,54.789972060756405
2014-03-31,-13.175249329919229,-1.560568604755928,-46.85320493365773,52.77434078723327
2014-04-01,-13.136364155343255,-1.0748249853546057,-46.76098667322942,53.68242389927149
2014-04-02,-12.512056792405913,0.635240960344506,-46.24516127489875,54.18353295646152
2014-04-03,-10.673584450137957,2.2158764063531358,-45.81494151537156,53.96433158982721
2014-04-04,-11.142670357023444,2.531520045283456,-46.31405761961372,53.70016632772912
2014-04-05,-8.50029184650188,1.9543169597509071,-46.09756261865194,53.205067564592
2014-04-06,-8.589011660154783,1.5982850725447204,-47.41223165187384,53.49828469056237
2014-04-07,-7.935387923246183,1.1480008696808914,-47.054522225854335,53.89579728924805
2014-04-08,-9.757089494719983,2.556508342804687,-47.39396463327339,53.7795177268039
2014-04-09,-9.130072359941067,3.290767412390731,-47.34679095232792,52.87850730463013
2014-04-10,-9.668329223560836,3.251756410754961,-48.27423667089908,53.1233756461349
2014-04-11,-9.881924368082926,4.142194129131667,-50.404489848769074,53.17184899313181
2014-04-12,-10.861084814454852,2.7558292371606803,-51.398539946404036,52.53285591381392
2014-04-13,-11.91114239166553,1.5471099575184237,-52.27260083181115,50.06417227088593
2014-04-14,-13.506165919018049,1.88820162625909,-53.76534299615091,51.03633742002837
2014-04-15,-12.74613389390711,2.733402784012413,-53.27203421304523,50.71741302750823
2014-04-16,-12.912708404201675,2.6131111654431574,-52.32969641404632,49.372269005033566
2014-04-17,-11.320956198634565,3.100385521705913,-52.9226485391408,49.503701222523915
2014-04-18,-10.882756738189117,2.017779923338578,-51.25854235421344,48.755773465255444
2014-04-19,-11.246075395988385,3.295349981023218,-50.11092672557282,46.687938847527086
2014-04-20,-11.629754882563255,3.223812701392686,-49.942943335601264,47.44268433498694
2014-04-21,-11.565771056232002,3.8033430106545354,-50.74370339256576,47.72774080589655
2014-04-22,-11.496070983333865,4.026622353861555,-51.01782306640744,48.09907506860765
2014-04-23,-11.61980116524037,3.4744039365820925,-51.55788529056777,48.440692895346935
2014-04-24,-11.54805336780245,4.246465972828445,-49.70381805141399,48.5225719842995
2014-04-25,-12.137460478099204,3.4105407763946927,-51.245276471953076,48.23333364675162
2014-04-26,-11.680340905942439,2.751949994162536,-50.542965625277645,47.917677432068345
2014-04-27,-11.310914112387493,3.0812126866687506,-48.525346091708535,47.23042345170005
2014-04-28,-11.76843242385663,3.231143644525654,-49.25951425930516,46.46801668585289
2014-04-29,-12.17873784621864,2.731843185494927,-48.187070936760406,47.45274251529937
2014-04-30,-12.964282249817636,3.1546809462056764,-49.78594138345182,47.72942627130284
2014-05-01,-13.24840047442546,3.484103299650261,-48.59279658882825,48.44478624904389
2014-05-02,-14.007692246158935,4.878241995645514,-47.85815903433261,46.69975478483784
2014-05-03,-13.577960306067595,3.910652455571408,-49.16846397021897,47.366090771134324
2014-05-04,-14.253822634473135,4.341402826014897,-48.256449354224934,45.57603223212242
2014-05-05,-13.700736086975246,5.583695797171421,-48.951298648982394,45.671790735820615
2014-05-06,-13.007784004851054,5.029224890573984,-49.628516759531834,44.900298770350986
2014-05-07,-12.65008034165487,5.2040248523080646,-48.50506415286306,43.92218570486085
2014-05-08,-12.983726598895744,4.80030541537991,-48.25060850975293,46.21889434060459
2014-05-09,-12.643010784647386,5.05453621726495,-47.481789083920695,46.32967561094823
2014-05-10,-13.549309068659879,5.716765168524153,-47.943852079752624,46.41653621657748
2014-05-11,-14.008172786793057,5.198177738333683,-49.28211727679547,45.799983111114486
2014-05-12,-14.564506648497888,5.232093478001725,-50.96629527159545,45.91921280079803
2014-05-13,-14.143211284706162,5.6640465808328,-51.04088554421536,46.60166864600216
2014-05-14,-14.740522193497112,5.39242893397639,-50.176997383766846,48.53866900523428
2014-05-15,-14.977271792358271,6.3768655428782965,-49.006554797907995,48.03262675379014
2014-05-16,-14.900705551329155,5.088168560092968,-50.546903802848576,46.610014351370495
2014-05-17,-15.896096936226376,5.294211952632747,-50.806507084737646,44.49153747958442
2014-05-18,-15.737767800357926,6.637075749600522,-51.967035729051844,44.46372857435374
2014-05-19,-15.92777982196726,5.537095704619253,-51.257775547782146,44.546355108696126
2014-05-20,-15.126652913089284,5.44927916205748,-51.73499503333947,45.68445724368248
2014-05-21,-14.334494210623209,4.393015806607632,-49.62411870274568,44.75419801926425
2014-05-22,-14.254122972080065,4.5809152892710685,-48.32970796762359,44.93385534294883
2014-05-23,-14.48689631133155,6.389609260672371,-48.435213107274286,43.92662498778595
2014-05-24,-14.463812558160045,6.371421023121076,-47.90472227523368,45.46349395305113
2014-05-25,-14.542829108370503,6.551813339505592,-47.431085337276286,44.71064137933944
2014-05-26,-12.631685225000385,6.695797886228983,-46.033498429935385,45.378911743818406
2014-05-27,-12.41451387931625,6.119033680257881,-42.84657872765619,45.33746876553337
2014-05-28,-11.39824168619236,6.432677993340742,-44.12329051871448,44.445951162162565
2014-05-29,-11.32227433994222,6.018838041786204,-45.558974191711116,45.53759414405712
2014-05-30,-11.276845854422342,6.863275019913709,-46.278697396345734,45.80603806638225
2014-05-31,-9.09777455720435,8.724411287406163,-47.4277416364196,45.665196643117895
2014-06-01,-9.758139976979301,9.771070355921305,-46.61322064261296,45.66430903950246
2014-06-02,-8.924925020868438,11.182987932882819,-46.896277940575914,46.86578961932587
2014-06-03,-9.45876123962684,12.544772570609522,-47.25457405171743,45.63402687409038
2014-06-04,-9.122260707429602,12.465508057125847,-46.89454137922354,45.069052957687
2014-06-05,-9.048057903533184,11.603353916290494,-47.32421091747747,45.35956576238456
2014-06-06,-10.973191762024284,12.239285437565336,-47.416828791742404,45.8374045709471
2014-06-07,-10.19716860937859,12.038413428992733,-47.14696624078558,46.00258482836899
2014-06-08,-9.587521703935995,11.394949751415034,-46.150032874779185,45.84028730683882
2014-06-09,-8.792442696273467,11.990483428173967,-46.15260543254536,44.56518099225712
2014-06-10,-9.11340697238144,12.672528833345677,-46.41031597667182,45.874688239208076
2014-06-11,-7.764464450864375,13.554394177785127,-48.32941569750209,46.35828411420517
2014-06-12,-7.472020900316017,13.918890268484672,-48.936562451168996,46.59663190687883
2014-06-13,-5.90061260356868,13.219977090909182,-47.45183973828232,45.80778284335882
2014-06-14,-4.888728721269629,13.942227618976421,-48.77475956533691,47.31120537250409
2014-06-15,-3.8207954686455357,13.140978479852542,-49.55744193152547,49.184429148161215
2014-06-16,-3.1418821448749608,13.256347790162813,-47.79873836139075,48.78436946320902
2014-06-17,-2.8987757884271956,13.005271969432055,-48.83909127978246,48.10784436814728
2014-06-18,-2.5420600094079235,11.570053530574489,-49.45990834417141,50.19335647516709
2014-06-19,-2.885962699689382,13.027948013906542,-48.66513138664186,50.463846902127855
2014-06-20,-3.2508748159089857,13.120320216044961,-49.4915639011335,51.13473778959071
2014-06-21,-3.8839211740785036,11.789799537026171,-49.00321841914826,50.02918400839981
2014-06-22,-2.082669289611112,12.888862532498623,-49.34179684075706,50.54718814167911
2014-06-23,-1.983622369907776,13.574881689339414,-48.233662247876154,49.4190904597583
2014-06-24,-2.9903074725926757,13.373187624895877,-48.848242896873465,49.05691376220724
2014-06-25,-5.075557299720486,13.627404474335922,-50.85415231364551,49.07642664880669
2014-06-26,-5.8853668919740585,13.964218652911294,-50.78598216741621,48.6286608514184
2014-06-27,-5.619930414928739,15.629088324892919,-50.30000792250809,47.25778112028994
2014-06-28,-7.165770611959875,16.03049649447292,-49.74620205311882,44.116774010068475
2014-06-29,-7.470859263517516,14.118845967665614,-49.57558412525024,42.14728081701261
2014-06-30,-6.532576284155127,13.155142889436632,-48.9155710774071,43.4956039083992
2014-07-01,-5.817218158216149,12.47513546218085,-49.21679718944554,45.15880713415904
2014-07-02,-6.54971721279233,12.748765092077763,-49.70680182453562,45.4266710799631
2014-07-03,-5.812236409046271,13.193403034431189,-49.52261089699895,44.04855812671085
2014-07-04,-4.552829074050882,14.067147389726035,-50.00284698224295,43.43252496547294
2014-07-05,-4.618480189835651,13.671497688510172,-47.83072471919849,45.58818310694865
2014-07-06,-5.024362479566124,15.566748181545801,-47.603002878537296,43.37284625003429
2014-07-07,-2.0378533256438813,13.698378419905174,-46.27439197730533,43.938505637273465
2014-07-08,-3.10750487459279,12.999309834758222,-47.54504808135339,44.09049406500772
2014-07-09,-2.5970157160554947,12.543887298895143,-49.1695031633718,44.822861585049296
2014-07-10,-1.4514242191978894,12.159106019685456,-49.028893911960786,43.093281089965565
2014-07-11,-1.2455324605436917,12.684008982387416,-50.02988679380517,43.704800117887025
2014-07-12,-1.336865969460368,12.365828633151123,-49.74693469894109,44.99784319199864
2014-07-13,-3.250121489371744,13.624244621033291,-49.520506939916345,45.928661891363326
2014-07-14,-3.018032606220354,12.960929713168294,-48.63279939497273,45.36049664584537
2014-07-15,-1.7295829759856736,12.13639806935381,-47.74786526095002,45.83424095825154
2014-07-16,-1.395089297670487,11.428597981170515,-48.86115160390442,46.00909823014793
2014-07-17,-2.2536599911124044,12.203813735697128,-48.490038874783,46.301910066676726
2014-07-18,-1.5262720968976073,11.758690831154901,-47.94516223705806,46.11493572881607
2014-07-19,-1.3969461070184102,12.737010038584625,-46.689960946940076,46.980193906153865
2014-07-20,-0.6851366192511451,13.733320375777902,-46.287273460970866,45.935062468862846
2014-07-21,-1.5347266414014582,14.509459990933713,-46.422652887894635,47.566153623411815
2014-07-22,-1.9435095383871634,13.734640785453411,-46.513219706803234,48.49442873126846
2014-07-23,-0.6006022172146253,14.630126980363675,-46.176173275502286,48.748874135372574
2014-07-24,0.7200170868843607,12.838397562276498,-44.90127375997843,49.63829338918765
2014-07-25,-0.9400538519216148,12.29610816794558,-43.983623086102256,49.76977437485946
2014-07-26,-1.1021657623668961,12.37172938230279,-42.282296122583205,49.5403929013546
2014-07-27,0.45327038127199204,11.111147212591055,-42.917790059413825,49.45866418491247
2014-07-28,-0.5312931077686895,11.45931282561947,-43.20941571317718,49.464712432735276
2014-07-29,-0.0027995553818996877,11.806246710716097,-43.775195575640204,47.935401943107905
2014-07-30,-0.9504451097345468,10.927751415346416,-44.25917847910956,47.2336517847277
2014-07-31,1.1556253508698837,11.245830538127215,-43.372633820142674,48.16476071249797
2014-08-01,0.696248498834142,9.362792043182782,-45.81168891027277,47.68404930844947
2014-08-02,-0.3292802231383585,9.040079535259391,-45.58798631922136,47.569379293329554
2014-08-03,0.8939863057239528,8.47228023110607,-45.13216001392572,48.561385812732276
2014-08-04,0.9391788214138932,8.248786398936408,-43.6840985693372,48.55102571806731
2014-08-05,0.7305138467974215,10.032759014219414,-43.209947656043134,50.45442608785033
2014-08-06,0.9620002437827956,9.96845695043407,-42.9892071413788,51.59498915148731
2014-08-07,1.1131857940734797,10.79689987092573,-42.45621063104779,51.50469410776525
2014-08-08,-0.4079093414856436,11.436067316248364,-41.45316038092539,52.47545833314663
2014-08-09,0.49985659813087524,10.29929788491395,-41.42096453161597,53.786200897561805
2014-08-10,-0.2890462336733678,11.266415890271611,-41.39165821385308,52.62208675754815
2014-08-11,0.6352525019506065,11.308490985121683,-42.053007714056086,52.82478631326081
2014-08-12,-0.6304194194126339,11.465408848151206,-43.835325224149365,52.69850392331256
2014-08-13,-0.15052466834737388,12.961061190933979,-44.49766469252642,53.20782861435073
2014-08-14,1.7128139201441805,14.694592468482575,-45.420858028333726,53.73929929727143
2014-08-15,0.6100022033394921,15.089752644700727,-45.70617489234888,53.65336245101567
2014-08-16,-0.7836175943102455,14.588620369428435,-47.58009327046159,52.29771712247493
2014-08-17,1.0898450161821438,15.289289007550334,-45.748380258381175,51.93617387559599
2014-08-18,1.22846102883382,15.878621619791907,-45.56788749090301,53.40875033850407
2014-08-19,1.716721775327156,15.844731922248398,-46.546037828225955,52.993049163054415
2014-08-20,0.9133596205672894,16.427171480860874,-47.76193624454886,54.16857100195926
2014-08-21,0.5294301231983312,15.76054281066708,-47.98830603285909,55.802194176035954
2014-08-22,-0.04515935534219506,15.87391407416643,-47.85225462772053,55.84312788859613
2014-08-23,1.7353924762164405,15.40803064243469,-47.84530789352241,56.12890746048486
2014-08-24,2.862352070712846,16.396370044558196,-47.61566539282429,55.81695301064693
2014-08-25,2.4507946410876515,17.665800341084292,-47.23696559093774,57.11225875566009
2014-08-26,3.5220702390221024,16.9095943698997,-48.49385401308889,56.534815706109214
2014-08-27,2.6320000494453866,14.336103596979303,-48.99302571977198,55.95633407255225
2014-08-28,2.8673940220306537,13.099954547803064,-49.847588651276006,56.096792188071966
2014-08-29,2.6885713281319057,12.189813144737007,-48.12871277682662,54.33119021088757
2014-08-30,2.6891359579746474,12.982907960148394,-49.50617399329216,53.17473538806786
2014-08-31,3.1319641246583965,13.892420476564133,-50.30396352169225,54.65012073205672
2014-09-01,2.623084539794168,14.35072578928536,-50.45448290952774,53.45575243127158
2014-09-02,2.184152230316171,15.4092282953875,-49.41831567625885,53.566160065302945
2014-09-03,2.6218376487088557,15.157662996995992,-48.327609798913954,55.26459793577825
2014-09-04,1.6540959818685914,15.285744995952633,-48.35962817788679,57.421809850699525
2014-09-05,1.3876614069383135,15.55378140324651,-46.845213365556766,58.22667650962605
2014-09-06,1.9716056221989051,16.26916958599373,-48.33445673952453,58.47755191573246
2014-09-07,0.591957510888159,17.772152880632714,-47.637754011989806,57.59229060958731
2014-09-08,-0.3067833773105555,16.976646248407242,-48.06766649267805,57.664462290927126
2014-09-09,1.5201166690521992,17.53405006944665,-49.804093631702266,57.11887689409689
2014-09-10,1.8429959361149153,17.17589057306303,-50.28694024580377,57.05170291831201
2014-09-11,3.7689771243448282,16.2881888822985,-49.714108184405426,58.0209607508574
2014-09-12,3.6474930549063767,14.830811969573025,-51.563867572344236,58.423186292418215
2014-09-13,2.9903843622962434,14.18284421385178,-52.47071455803612,58.46698102383376
2014-09-14,3.1212064416127023,14.35069751932104,-51.42062561093723,58.886648941137324
2014-09-15,1.2624706244216992,13.757690787406188,-51.29660879384821,57.852512815852734
2014-09-16,1.2249980997428356,15.474791769206979,-51.59647742866644,58.43635445394691
2014-09-17,3.128566584208685,17.510188350148336,-51.70670407819296,58.44966582440272
2014-09-18,2.8703264875561785,17.496103301293807,-51.50320747825443,59.33619488852799
2014-09-19,4.574579412430865,18.043086851175175,-51.768168220861014,57.76147587451949
2014-09-20,3.5811437806169772,17.672463754068243,-53.06167669675246,58.781896317809775
2014-09-21,3.1541075687097297,18.462226752911757,-53.71349865530438,59.389995273775455
2014-09-22,3.2308520962433103,17.051968572423483,-53.64035059817046,59.872463741059306
2014-09-23,3.8477116084075993,16.8549836531417,-54.2419697047426,59.116830457112265
2014-09-24,4.037278801825326,17.160187204954028,-53.352907372522324,58.88462921565205
2014-09-25,5.36238465032239,17.984031224260125,-53.397359366961794,57.77827312811068
2014-09-26,4.562338850996647,17.58033226566904,-54.37021505524396,58.039029673220874
